source_file,instance_index,instance_id,config,run_seed,status,n_tasks,L,mode,time_total,palns_obj,final_obj,ship_time,drone_time,intensify_ran
GENERATED,0,syn_n40_L3_0,palns_only,20264,OK,40,3,palns,18.29884060000768,13935.312534869234,13935.312534869234,16.465992009393013,45.30910079498496,False
GENERATED,0,syn_n40_L3_0,palns_only,28183,OK,40,3,palns,13.594678700028453,13974.563739674933,13974.563739674933,16.546784417948096,44.699297891824585,False
GENERATED,0,syn_n40_L3_0,palns_only,36102,OK,40,3,palns,12.69504030002281,14576.778483076676,14576.778483076676,17.490446039925093,41.68411294665305,False
GENERATED,0,syn_n40_L3_0,palns_only,44021,OK,40,3,palns,12.445837700041011,14621.650145288306,14621.650145288306,17.467083821537567,43.46677940386097,False
GENERATED,0,syn_n40_L3_0,palns_only,51940,OK,40,3,palns,13.740780299995095,14320.839369444559,14320.839369444559,16.932975965885813,46.31735414371997,False
GENERATED,0,syn_n40_L3_0,palns_only,59859,OK,40,3,palns,13.052839000010863,14620.308627256942,14620.308627256942,17.542554259095947,41.811226655285196,False
GENERATED,0,syn_n40_L3_0,palns_only,67778,OK,40,3,palns,13.070809799944982,14652.009667897328,14652.009667897328,17.53473393084876,42.88454913602163,False
GENERATED,0,syn_n40_L3_0,palns_only,75697,OK,40,3,palns,13.349822900025174,14521.130631650816,14521.130631650816,17.270768656930194,44.80154682723344,False
GENERATED,0,syn_n40_L3_0,palns_only,83616,OK,40,3,palns,12.553815899998881,14546.608085169568,14546.608085169568,17.352615223708256,43.775619068239436,False
GENERATED,0,syn_n40_L3_0,palns_only,91535,OK,40,3,palns,12.34371889999602,14704.568529800967,14704.568529800967,17.65491086500965,41.81101088696367,False
GENERATED,0,syn_n40_L3_0,hybrid_main,99454,OK,40,3,hybrid,41.25335140002426,14603.449121264845,14512.227640522407,17.4633095287387,40.421299827667994,True
GENERATED,0,syn_n40_L3_0,hybrid_main,107373,OK,40,3,hybrid,36.94250210002065,14558.63582707562,14479.575590971142,17.372301348743473,41.43855941181534,True
GENERATED,0,syn_n40_L3_0,hybrid_main,115292,OK,40,3,hybrid,40.22170340002049,14320.74191517295,14265.344799455108,17.04957756124599,42.23318938630334,True
GENERATED,0,syn_n40_L3_0,hybrid_main,123211,OK,40,3,hybrid,39.4651391999796,14603.449121264845,14512.387227340685,17.462046830961576,40.45291726055724,True
GENERATED,0,syn_n40_L3_0,hybrid_main,131130,OK,40,3,hybrid,38.12973889999557,14687.753477661998,14580.425612815669,17.535384722109896,40.825344892378524,True
GENERATED,0,syn_n40_L3_0,hybrid_main,139049,OK,40,3,hybrid,36.52370670001255,13946.59504725181,13857.955270880404,16.43128065221129,43.842708049198286,True
GENERATED,0,syn_n40_L3_0,hybrid_main,146968,OK,40,3,hybrid,36.92506320000393,14603.448756318412,14527.905832670673,17.449446444699415,41.16631426131745,True
GENERATED,0,syn_n40_L3_0,hybrid_main,154887,OK,40,3,hybrid,39.60627500002738,13898.985393591996,13803.633720768903,16.410127682861592,42.7439416749345,True
GENERATED,0,syn_n40_L3_0,hybrid_main,162806,OK,40,3,hybrid,35.33898999996018,14283.96215150388,14160.519092848435,16.948519656024693,41.403695737997545,True
GENERATED,0,syn_n40_L3_0,hybrid_main,170725,OK,40,3,hybrid,38.086371699988376,14576.73494331972,14512.227576725925,17.463309793458983,40.421292332333984,True
GENERATED,0,syn_n40_L3_0,abl_no_dro,178644,OK,40,3,hybrid,39.364888400014024,12477.969334340447,12390.496311449795,14.705592340018288,38.89434446960227,True
GENERATED,0,syn_n40_L3_0,abl_no_dro,186563,OK,40,3,hybrid,39.821450800052844,12630.739468273914,12533.816401826123,15.008500000003524,36.49832576638518,True
GENERATED,0,syn_n40_L3_0,abl_no_dro,194482,OK,40,3,hybrid,39.98146320000524,12596.204244756836,12498.618386114493,14.979007332890445,36.12465389847599,True
GENERATED,0,syn_n40_L3_0,abl_no_dro,202401,OK,40,3,hybrid,36.3369899999816,12828.562605086518,12748.530179184454,15.375323467284709,34.772502249169236,True
GENERATED,0,syn_n40_L3_0,abl_no_dro,210320,OK,40,3,hybrid,38.77855659998022,12582.991907181842,12462.232768752057,14.86361704213852,37.557713918519084,True
GENERATED,0,syn_n40_L3_0,abl_no_dro,218239,OK,40,3,hybrid,39.62231659999816,12571.44493177982,12489.38749801018,14.90246707540322,37.50106261307898,True
GENERATED,0,syn_n40_L3_0,abl_no_dro,226158,OK,40,3,hybrid,36.75728479999816,12563.373796738102,12475.410863394241,14.932196002724556,36.464681752880644,True
GENERATED,0,syn_n40_L3_0,abl_no_dro,234077,OK,40,3,hybrid,37.60275299998466,12673.790657692294,12611.425176142386,15.130089924057748,36.11022094568785,True
GENERATED,0,syn_n40_L3_0,abl_no_dro,241996,OK,40,3,hybrid,40.335718300018925,12678.467059080074,12610.938096964283,15.128939820326936,36.120949477688036,True
GENERATED,0,syn_n40_L3_0,abl_no_dro,249915,OK,40,3,hybrid,37.88506220001727,12375.318290240131,12307.476808638356,14.619329928580902,38.370838920076494,True
GENERATED,0,syn_n40_L3_0,abl_adjacent,257834,OK,40,3,hybrid,45.82618790003471,17795.779867465913,15244.937304892042,18.664192423370636,35.622656781830514,True
GENERATED,0,syn_n40_L3_0,abl_adjacent,265753,OK,40,3,hybrid,47.27754640002968,18724.90774654272,16420.575024899932,19.91636579249273,42.38001944372519,True
GENERATED,0,syn_n40_L3_0,abl_adjacent,273672,OK,40,3,hybrid,43.2910538999713,18216.26819568082,15461.221921452412,18.84071766884291,38.01953342343509,True
GENERATED,0,syn_n40_L3_0,abl_adjacent,281591,OK,40,3,hybrid,43.18670269998256,17829.04597714299,15420.444329964323,18.76621323105251,38.45098304785536,True
GENERATED,0,syn_n40_L3_0,abl_adjacent,289510,OK,40,3,hybrid,46.19881949998671,17422.968548675155,14733.361456755174,17.881128941264844,37.786135737329715,True
GENERATED,0,syn_n40_L3_0,abl_adjacent,297429,OK,40,3,hybrid,48.92743320000591,17507.53772800223,14809.581413793336,17.99124601812879,37.60419714847829,True
GENERATED,0,syn_n40_L3_0,abl_adjacent,305348,OK,40,3,hybrid,46.117233199998736,18089.166792939162,15475.79775636173,18.88018400310268,37.59027868670627,True
GENERATED,0,syn_n40_L3_0,abl_adjacent,313267,OK,40,3,hybrid,44.88408960000379,17762.61306717198,15231.81688220992,18.58039299814743,37.043489531409904,True
GENERATED,0,syn_n40_L3_0,abl_adjacent,321186,OK,40,3,hybrid,46.98852459999034,18212.920579947397,15344.008633517773,18.648806726580382,38.782959673785314,True
GENERATED,0,syn_n40_L3_0,abl_adjacent,329105,OK,40,3,hybrid,44.50276699999813,17842.322215851163,15340.778388571138,18.72891608048613,36.97403794875831,True
GENERATED,0,syn_n40_L3_0,abl_no_cache,337024,OK,40,3,hybrid,52.97083350003231,14558.89201609165,14454.191415993908,17.438462066395132,39.29556760564455,True
GENERATED,0,syn_n40_L3_0,abl_no_cache,344943,OK,40,3,hybrid,53.64699459995609,14546.225662307368,14481.70643347838,17.388246493380613,41.15775895551194,True
GENERATED,0,syn_n40_L3_0,abl_no_cache,352862,OK,40,3,hybrid,54.928347799985204,14602.676550408487,14512.194645709897,17.463288773100054,40.42080188242451,True
GENERATED,0,syn_n40_L3_0,abl_no_cache,360781,OK,40,3,hybrid,53.74232190003386,14633.465831584792,14505.964722003911,17.56753251303834,38.00900963500451,True
GENERATED,0,syn_n40_L3_0,abl_no_cache,368700,OK,40,3,hybrid,52.75172240001848,14571.279287778543,14517.651070456299,17.462231190141292,40.59936222429507,True
GENERATED,0,syn_n40_L3_0,abl_no_cache,376619,OK,40,3,hybrid,54.035326300014276,14124.400919494405,14042.373909324164,16.73615648639461,42.57875841509157,True
GENERATED,0,syn_n40_L3_0,abl_no_cache,384538,OK,40,3,hybrid,54.08983899996383,14077.929718993417,14002.561942444809,16.668078891436984,42.9000792533448,True
GENERATED,0,syn_n40_L3_0,abl_no_cache,392457,OK,40,3,hybrid,53.92464809998637,14223.992447268745,14133.04127198338,16.83114802908794,43.13372143335502,True
GENERATED,0,syn_n40_L3_0,abl_no_cache,400376,OK,40,3,hybrid,54.11339139996562,14513.005956894245,14420.33976963419,17.30147822137436,41.26374581724062,True
GENERATED,0,syn_n40_L3_0,abl_no_cache,408295,OK,40,3,hybrid,54.113800499995705,13946.59504725181,13823.923328270812,16.42619944499221,42.97924984361866,True
GENERATED,1,syn_n40_L3_1,palns_only,416214,OK,40,3,palns,14.225081999960821,14660.853052886898,14660.853052886898,17.552059509431263,42.765954880384314,False
GENERATED,1,syn_n40_L3_1,palns_only,424133,OK,40,3,palns,13.456361900025513,13654.359474645285,13654.359474645285,16.302462190191072,40.786080914342264,False
GENERATED,1,syn_n40_L3_1,palns_only,432052,OK,40,3,palns,13.9040383999818,13814.813292478017,13814.813292478017,16.525901314180206,40.582494481224614,False
GENERATED,1,syn_n40_L3_1,palns_only,439971,OK,40,3,palns,13.765538099978585,13652.720605744704,13652.720605744704,16.315115214108687,40.46811986180548,False
GENERATED,1,syn_n40_L3_1,palns_only,447890,OK,40,3,palns,13.899275399977341,14782.187780864886,14782.187780864886,17.507659452381766,47.18409118795885,False
GENERATED,1,syn_n40_L3_1,palns_only,455809,OK,40,3,palns,13.139141299994662,13817.212352379249,13817.212352379249,16.53349242655537,40.48837235607783,False
GENERATED,1,syn_n40_L3_1,palns_only,463728,OK,40,3,palns,14.43296410003677,14989.455721386874,14989.455721386874,17.96715827200681,43.25962906805045,False
GENERATED,1,syn_n40_L3_1,palns_only,471647,OK,40,3,palns,14.01198100001784,13765.085221860121,13765.085221860121,16.48797121362953,39.97448033251349,False
GENERATED,1,syn_n40_L3_1,palns_only,479566,OK,40,3,palns,14.366885999974329,13690.525410092989,13690.525410092989,16.301221885928364,41.84597130419186,False
GENERATED,1,syn_n40_L3_1,palns_only,487485,OK,40,3,palns,14.432036899961531,13860.038741986113,13860.038741986113,16.520758932538513,41.984844073778,False
GENERATED,1,syn_n40_L3_1,hybrid_main,495404,OK,40,3,hybrid,41.36906589998398,15121.758113088328,14930.351045689331,18.303133549176177,34.371453823062836,True
GENERATED,1,syn_n40_L3_1,hybrid_main,503323,OK,40,3,hybrid,41.036481499962974,13630.284936975528,13569.6819991074,16.32452210518517,37.894012006243436,True
GENERATED,1,syn_n40_L3_1,hybrid_main,511242,OK,40,3,hybrid,39.29564179998124,14898.236483614597,14806.877259098468,17.78740584397152,41.894939317709316,True
GENERATED,1,syn_n40_L3_1,hybrid_main,519161,OK,40,3,hybrid,39.94163129996741,15049.732062863648,14875.34806673176,18.081743240749667,37.544018176271734,True
GENERATED,1,syn_n40_L3_1,hybrid_main,527080,OK,40,3,hybrid,34.754191200016066,13661.489439046647,13575.145761955204,16.336469059836556,37.79411334507958,True
GENERATED,1,syn_n40_L3_1,hybrid_main,534999,OK,40,3,hybrid,39.42724440002348,15029.612206842856,14912.554345615801,17.965083079765677,41.10691530832984,True
GENERATED,1,syn_n40_L3_1,hybrid_main,542918,OK,40,3,hybrid,40.50587880000239,14895.363554321813,14856.544446231006,17.787527932258204,43.31138562963861,True
GENERATED,1,syn_n40_L3_1,hybrid_main,550837,OK,40,3,hybrid,41.93215519998921,15049.293421979137,14926.840544487946,17.99206471138022,40.9369145986509,True
GENERATED,1,syn_n40_L3_1,hybrid_main,558756,OK,40,3,hybrid,39.53640879999148,13810.400162813712,13733.833828745479,16.587970599581375,36.938739401698484,True
GENERATED,1,syn_n40_L3_1,hybrid_main,566675,OK,40,3,hybrid,40.116176899988204,13816.06951081799,13739.256506136298,16.57870730882046,37.292172129170055,True
GENERATED,1,syn_n40_L3_1,abl_no_dro,574594,OK,40,3,hybrid,40.78416439995635,13574.710583477867,13495.628751074715,16.17551927805486,38.97112264381619,True
GENERATED,1,syn_n40_L3_1,abl_no_dro,582513,OK,40,3,hybrid,38.62266140000429,12534.310763236233,12484.6528889716,15.047930417227239,34.248716458604854,True
GENERATED,1,syn_n40_L3_1,abl_no_dro,590432,OK,40,3,hybrid,41.493550100014545,12848.332384587145,12783.395003780786,15.405647073149565,35.1188485405317,True
GENERATED,1,syn_n40_L3_1,abl_no_dro,598351,OK,40,3,hybrid,42.077988200006075,13588.757579607693,13532.549597514826,16.257788820169466,38.26308521107793,True
GENERATED,1,syn_n40_L3_1,abl_no_dro,606270,OK,40,3,hybrid,38.182330499985255,13008.530373479176,12962.842922865799,15.490006764712291,38.4382242666166,True
GENERATED,1,syn_n40_L3_1,abl_no_dro,614189,OK,40,3,hybrid,38.21774429996731,13776.845139573823,13699.372447810649,16.508062199205114,37.66645138305176,True
GENERATED,1,syn_n40_L3_1,abl_no_dro,622108,OK,40,3,hybrid,37.08014639996691,12310.571363031524,12269.036597007545,14.742877291489025,34.625103668307915,True
GENERATED,1,syn_n40_L3_1,abl_no_dro,630027,OK,40,3,hybrid,40.5052211000002,13527.394065836357,13457.098635598755,16.172937946758033,37.92557644372084,True
GENERATED,1,syn_n40_L3_1,abl_no_dro,637946,OK,40,3,hybrid,39.72748890001094,12467.18624777693,12428.81026030208,14.921596368337738,35.36037097282208,True
GENERATED,1,syn_n40_L3_1,abl_no_dro,645865,OK,40,3,hybrid,39.710797899984755,13519.068348333043,13449.990595238378,16.127919068171884,38.68717983169891,True
GENERATED,1,syn_n40_L3_1,abl_adjacent,653784,OK,40,3,hybrid,45.96367269998882,16796.811341782028,14491.251485275907,17.525535868982484,38.48855952968694,True
GENERATED,1,syn_n40_L3_1,abl_adjacent,661703,OK,40,3,hybrid,45.43111649999628,17130.39787571961,15663.688340416453,19.05736030155046,39.161946121531635,True
GENERATED,1,syn_n40_L3_1,abl_adjacent,669622,OK,40,3,hybrid,46.47612870001467,17229.70961645582,15396.393419799555,18.990780770079095,32.951652635435224,True
GENERATED,1,syn_n40_L3_1,abl_adjacent,677541,OK,40,3,hybrid,43.23386440001195,17497.445487043944,15353.250259278584,18.796871144472828,35.874197169256135,True
GENERATED,1,syn_n40_L3_1,abl_adjacent,685460,OK,40,3,hybrid,43.038946100044996,17759.048739707847,15597.261600067646,19.013758082303255,38.19837252400579,True
GENERATED,1,syn_n40_L3_1,abl_adjacent,693379,OK,40,3,hybrid,42.192988499999046,17446.243406802696,14933.909409398117,18.206552968329852,36.54270523287802,True
GENERATED,1,syn_n40_L3_1,abl_adjacent,701298,OK,40,3,hybrid,46.54339519998757,17802.70795932667,15290.131948834307,18.527791101515387,39.83681779136474,True
GENERATED,1,syn_n40_L3_1,abl_adjacent,709217,OK,40,3,hybrid,44.375766000011936,17763.932497682865,15421.92590285452,18.833255796798316,37.05668729302237,True
GENERATED,1,syn_n40_L3_1,abl_adjacent,717136,OK,40,3,hybrid,44.550547200022265,17591.935309313598,15963.79831936747,19.56589345611349,36.839377922352995,True
GENERATED,1,syn_n40_L3_1,abl_adjacent,725055,OK,40,3,hybrid,42.89510010002414,17632.454221886834,15409.474081115342,18.891628817180546,35.45007052085526,True
GENERATED,1,syn_n40_L3_1,abl_no_cache,732974,OK,40,3,hybrid,51.86203820002265,15093.605096570584,14907.002208231974,18.14207861552839,37.1555213310194,True
GENERATED,1,syn_n40_L3_1,abl_no_cache,740893,OK,40,3,hybrid,54.01024319999851,13825.551248830416,13727.892163234814,16.580065613437977,36.93837009018085,True
GENERATED,1,syn_n40_L3_1,abl_no_cache,748812,OK,40,3,hybrid,54.477579099999275,14939.809730932828,14843.657646687914,17.860448824792762,41.38060080266693,True
GENERATED,1,syn_n40_L3_1,abl_no_cache,756731,OK,40,3,hybrid,53.71860480000032,13660.51615645316,13574.86623475525,16.336547084104648,37.78445490505045,True
GENERATED,1,syn_n40_L3_1,abl_no_cache,764650,OK,40,3,hybrid,52.0463027000078,15113.249099528275,14971.141228720553,18.15700552889445,38.66820234427757,True
GENERATED,1,syn_n40_L3_1,abl_no_cache,772569,OK,40,3,hybrid,54.39891119999811,15005.703747310765,14894.971468511456,18.023853646610142,39.34517810153851,True
GENERATED,1,syn_n40_L3_1,abl_no_cache,780488,OK,40,3,hybrid,53.95182419999037,13835.714219190068,13735.61957656194,16.59191529220643,36.90523164020337,True
GENERATED,1,syn_n40_L3_1,abl_no_cache,788407,OK,40,3,hybrid,54.1803774999571,15003.780822708963,14910.803813562605,17.916786234446164,42.09183250651388,True
GENERATED,1,syn_n40_L3_1,abl_no_cache,796326,OK,40,3,hybrid,53.66743339999812,13808.993429151507,13739.94076910852,16.593055736468163,37.004256193068514,True
GENERATED,1,syn_n40_L3_1,abl_no_cache,804245,OK,40,3,hybrid,54.826738799980376,13915.417232871578,13796.904882300376,16.65074326096627,37.39564104501931,True
GENERATED,2,syn_n40_L3_2,palns_only,812164,OK,40,3,palns,12.967759800027125,14886.452664259892,14886.452664259892,17.77451833080382,44.444683318772334,False
GENERATED,2,syn_n40_L3_2,palns_only,820083,OK,40,3,palns,12.78455020004185,14114.305241189973,14114.305241189973,16.986904067092755,39.26077688201161,False
GENERATED,2,syn_n40_L3_2,palns_only,828002,OK,40,3,palns,12.965598199982196,13853.086736570778,13853.086736570778,16.462708313319876,43.03015718802496,False
GENERATED,2,syn_n40_L3_2,palns_only,835921,OK,40,3,palns,13.615072400018107,14151.12134815312,14151.12134815312,16.93304301033286,41.466831154384955,False
GENERATED,2,syn_n40_L3_2,palns_only,843840,OK,40,3,palns,12.542175300011877,14933.766287509661,14933.766287509661,17.895252909819785,43.20933157556631,False
GENERATED,2,syn_n40_L3_2,palns_only,851759,OK,40,3,palns,13.952953799976967,14744.77233721565,14744.77233721565,17.647586553932484,43.11664062189385,False
GENERATED,2,syn_n40_L3_2,palns_only,859678,OK,40,3,palns,12.246634599985555,14705.442414641435,14705.442414641435,17.630538685441458,42.358240016009724,False
GENERATED,2,syn_n40_L3_2,palns_only,867597,OK,40,3,palns,12.273036199971102,14035.131080113224,14035.131080113224,16.77393767181954,41.56222360710201,False
GENERATED,2,syn_n40_L3_2,palns_only,875516,OK,40,3,palns,12.647163100016769,14728.787906082634,14728.787906082634,17.624390081379016,43.157009858524916,False
GENERATED,2,syn_n40_L3_2,palns_only,883435,OK,40,3,palns,12.687643700046465,14626.381732981872,14626.381732981872,17.45010741996671,43.9657476573383,False
GENERATED,2,syn_n40_L3_2,hybrid_main,891354,OK,40,3,hybrid,39.619237300008535,14177.119436052097,14039.886256130629,16.926003911244457,38.43952350563665,True
GENERATED,2,syn_n40_L3_2,hybrid_main,899273,OK,40,3,hybrid,39.06565679999767,14195.022068278498,14110.167703504285,16.96534906714307,39.60445437562808,True
GENERATED,2,syn_n40_L3_2,hybrid_main,907192,OK,40,3,hybrid,38.833214699989185,14776.916262007751,14741.78297013869,17.65912207097675,42.78404048303219,True
GENERATED,2,syn_n40_L3_2,hybrid_main,915111,OK,40,3,hybrid,36.942955299979076,14119.489783111414,14005.78737454616,16.8144791006104,39.855087116810296,True
GENERATED,2,syn_n40_L3_2,hybrid_main,923030,OK,40,3,hybrid,37.894305200024974,14063.059843017994,13975.193536502087,16.852104996078655,38.174708269802764,True
GENERATED,2,syn_n40_L3_2,hybrid_main,930949,OK,40,3,hybrid,38.61084669997217,14560.622225142659,14467.082106585507,17.295636817039167,42.72441410874663,True
GENERATED,2,syn_n40_L3_2,hybrid_main,938868,OK,40,3,hybrid,38.322472299973015,14933.766287509661,14814.028445410971,17.91493863828318,39.36641333424537,True
GENERATED,2,syn_n40_L3_2,hybrid_main,946787,OK,40,3,hybrid,38.72714630002156,14744.769446924842,14684.989970863628,17.659913435616616,41.144425547176176,True
GENERATED,2,syn_n40_L3_2,hybrid_main,954706,OK,40,3,hybrid,38.725327100022696,14829.44802289124,14712.457010913076,17.75570642222774,39.87649126406491,True
GENERATED,2,syn_n40_L3_2,hybrid_main,962625,OK,40,3,hybrid,39.54584249999607,13997.610355346906,13909.615303355204,16.653294557850725,40.56126814191881,True
GENERATED,2,syn_n40_L3_2,abl_no_dro,970544,OK,40,3,hybrid,40.11311350000324,13039.117225938642,12978.34575785349,15.41318747406931,40.52729006575736,True
GENERATED,2,syn_n40_L3_2,abl_no_dro,978463,OK,40,3,hybrid,35.31919760000892,13167.173591853194,13144.24874142204,15.629456493176995,40.63303918683702,True
GENERATED,2,syn_n40_L3_2,abl_no_dro,986382,OK,40,3,hybrid,38.141118100029416,13174.830691908344,13160.968398923118,15.691608346284138,39.77891826314327,True
GENERATED,2,syn_n40_L3_2,abl_no_dro,994301,OK,40,3,hybrid,38.597695200005546,13078.276487690811,13066.038272442816,15.473758681475283,41.73483603818152,True
GENERATED,2,syn_n40_L3_2,abl_no_dro,1002220,OK,40,3,hybrid,39.3321645000251,13060.638764716736,12983.46679667549,15.665820796649237,35.26003426253033,True
GENERATED,2,syn_n40_L3_2,abl_no_dro,1010139,OK,40,3,hybrid,37.915230399987195,12543.703728644146,12488.799308987564,14.902603164542052,37.48134101660068,True
GENERATED,2,syn_n40_L3_2,abl_no_dro,1018058,OK,40,3,hybrid,38.966815699997824,13237.442280531985,13155.032975067372,15.769966474553668,37.930231975774895,True
GENERATED,2,syn_n40_L3_2,abl_no_dro,1025977,OK,40,3,hybrid,37.19680259999586,12780.638787473436,12727.847959027931,15.219136614694433,37.52844280020309,True
GENERATED,2,syn_n40_L3_2,abl_no_dro,1033896,OK,40,3,hybrid,38.51454579998972,13000.613806897287,12956.422029627924,15.40448459864925,40.087388018314,True
GENERATED,2,syn_n40_L3_2,abl_no_dro,1041815,OK,40,3,hybrid,36.37203949998366,12507.511287431846,12449.34231015193,14.820065773870049,38.12265656426837,True
GENERATED,2,syn_n40_L3_2,abl_adjacent,1049734,OK,40,3,hybrid,45.4114041000139,17472.798821814104,15247.957498510663,18.631287406924333,36.4140555233547,True
GENERATED,2,syn_n40_L3_2,abl_adjacent,1057653,OK,40,3,hybrid,47.651572400005534,16842.56133077648,15613.916430936884,19.15751037548691,35.593818552048646,True
GENERATED,2,syn_n40_L3_2,abl_adjacent,1065572,OK,40,3,hybrid,43.15987329999916,17788.633706131146,16361.058673748383,20.153189008701567,35.60476906349168,True
GENERATED,2,syn_n40_L3_2,abl_adjacent,1073491,OK,40,3,hybrid,47.46508069999982,17398.73659541773,15687.711151275753,19.271826175873993,35.252614839150226,True
GENERATED,2,syn_n40_L3_2,abl_adjacent,1081410,OK,40,3,hybrid,44.505018900032155,17788.867819786683,15635.848693468712,19.164168404670903,36.07778257044392,True
GENERATED,2,syn_n40_L3_2,abl_adjacent,1089329,OK,40,3,hybrid,43.64395650004735,17741.762916811876,15447.278595128955,18.873969858256363,36.90860575533381,True
GENERATED,2,syn_n40_L3_2,abl_adjacent,1097248,OK,40,3,hybrid,46.018857899995055,17070.595865069306,14631.895504177652,17.65265573957572,39.782962842738904,True
GENERATED,2,syn_n40_L3_2,abl_adjacent,1105167,OK,40,3,hybrid,44.56267309997929,16931.238787819366,14937.030435565433,18.19026106853604,36.98098954752581,True
GENERATED,2,syn_n40_L3_2,abl_adjacent,1113086,OK,40,3,hybrid,45.318675599992275,17664.508960417188,15269.069160206926,18.604337710431366,37.59473935381142,True
GENERATED,2,syn_n40_L3_2,abl_adjacent,1121005,OK,40,3,hybrid,41.89776330004679,17961.036502353378,16319.313308421528,20.152754164243646,34.42136243539411,True
GENERATED,2,syn_n40_L3_2,abl_no_cache,1128924,OK,40,3,hybrid,52.622550799977034,14777.759464385059,14708.73250433888,17.65708826598048,41.88332299581491,True
GENERATED,2,syn_n40_L3_2,abl_no_cache,1136843,OK,40,3,hybrid,52.71687020000536,13832.148094302062,13776.56967243475,16.513117835003815,39.76375131948257,True
GENERATED,2,syn_n40_L3_2,abl_no_cache,1144762,OK,40,3,hybrid,52.342331999971066,14125.319015103076,14068.02105302065,16.98954803726184,37.88171500212202,True
GENERATED,2,syn_n40_L3_2,abl_no_cache,1152681,OK,40,3,hybrid,52.52736649999861,13861.644356134788,13769.734297372674,16.54136774153119,38.96309974926517,True
GENERATED,2,syn_n40_L3_2,abl_no_cache,1160600,OK,40,3,hybrid,53.96718299994245,14620.387144608987,14449.575635931862,17.452120416276696,38.871009249266834,True
GENERATED,2,syn_n40_L3_2,abl_no_cache,1168519,OK,40,3,hybrid,52.84504669997841,14951.718697079454,14855.334632328339,17.853574807333096,41.86152933795765,True
GENERATED,2,syn_n40_L3_2,abl_no_cache,1176438,OK,40,3,hybrid,52.096960599999875,14845.895317771308,14732.304263938327,17.821694806703423,39.02951882602167,True
GENERATED,2,syn_n40_L3_2,abl_no_cache,1184357,OK,40,3,hybrid,54.08641119999811,14354.636408304948,14260.047466022575,17.250348825074685,37.779595634758934,True
GENERATED,2,syn_n40_L3_2,abl_no_cache,1192276,OK,40,3,hybrid,52.96800210000947,14596.26598328658,14467.337948941775,17.451112515120663,39.40010178860806,True
GENERATED,2,syn_n40_L3_2,abl_no_cache,1200195,OK,40,3,hybrid,52.83974849997321,15039.029303022724,14854.532475697928,18.018511358299932,38.30425591351373,True
GENERATED,3,syn_n40_L3_3,palns_only,1208114,OK,40,3,palns,12.668367600010242,13853.56254290177,13853.56254290177,16.68726728214131,38.23177375130813,False
GENERATED,3,syn_n40_L3_3,palns_only,1216033,OK,40,3,palns,11.22006419999525,13851.112347741851,13851.112347741851,16.686780605981163,38.172196950170814,False
GENERATED,3,syn_n40_L3_3,palns_only,1223952,OK,40,3,palns,12.10249759996077,13617.537835532557,13617.537835532557,16.240578016219057,41.06012352480762,False
GENERATED,3,syn_n40_L3_3,palns_only,1231871,OK,40,3,palns,12.636886599997524,13539.365640410382,13539.365640410382,16.06874268954967,42.50881780708942,False
GENERATED,3,syn_n40_L3_3,palns_only,1239790,OK,40,3,palns,14.990616300026886,13815.901445657166,13815.901445657166,16.593522394065612,39.164561431655876,False
GENERATED,3,syn_n40_L3_3,palns_only,1247709,OK,40,3,palns,14.487310500000603,13851.778644307664,13851.778644307664,16.617079109689026,39.68483748688265,False
GENERATED,3,syn_n40_L3_3,palns_only,1255628,OK,40,3,palns,16.172900999954436,13845.627616978121,13845.627616978121,16.62378538367947,39.36538797767205,False
GENERATED,3,syn_n40_L3_3,palns_only,1263547,OK,40,3,palns,14.969264400016982,13840.351790071958,13840.351790071958,16.761456855903614,36.26454708983562,False
GENERATED,3,syn_n40_L3_3,palns_only,1271466,OK,40,3,palns,15.40007799997693,13824.82392178697,13824.82392178697,16.618594309872282,38.88223398236456,False
GENERATED,3,syn_n40_L3_3,palns_only,1279385,OK,40,3,palns,15.665736599999946,13829.401038718435,13829.401038718435,16.70420937516278,37.17840020989577,False
GENERATED,3,syn_n40_L3_3,hybrid_main,1287304,OK,40,3,hybrid,40.495699600025546,13547.043901877594,13503.577505775169,16.079855690970987,41.24816392991217,True
GENERATED,3,syn_n40_L3_3,hybrid_main,1295223,OK,40,3,hybrid,43.33804910001345,13856.643563135447,13754.120538905252,16.710960024729193,34.88287201023873,True
GENERATED,3,syn_n40_L3_3,hybrid_main,1303142,OK,40,3,hybrid,38.93879149999702,13844.944876423762,13738.07340630529,16.79174309030893,32.69331681638834,True
GENERATED,3,syn_n40_L3_3,hybrid_main,1311061,OK,40,3,hybrid,42.46605490002548,13859.572453891193,13756.000901327627,16.713207125975213,34.888444481320505,True
GENERATED,3,syn_n40_L3_3,hybrid_main,1318980,OK,40,3,hybrid,39.80371190002188,13846.624177742548,13772.92767419188,16.71030521012794,35.43425047416919,True
GENERATED,3,syn_n40_L3_3,hybrid_main,1326899,OK,40,3,hybrid,42.66570309997769,13866.329838589798,13763.124316324389,16.707470823699772,35.21489138713025,True
GENERATED,3,syn_n40_L3_3,hybrid_main,1334818,OK,40,3,hybrid,39.725766099989414,13855.666727944137,13785.870877118108,16.47420505533061,40.86334530343282,True
GENERATED,3,syn_n40_L3_3,hybrid_main,1342737,OK,40,3,hybrid,36.767044299980626,13798.90330460048,13755.616774656428,16.710515394918733,34.93514938478223,True
GENERATED,3,syn_n40_L3_3,hybrid_main,1350656,OK,40,3,hybrid,39.654792300018016,13820.90827172064,13664.258698766555,16.630112224347013,34.04784372875119,True
GENERATED,3,syn_n40_L3_3,hybrid_main,1358575,OK,40,3,hybrid,40.37727050000103,13803.59475384667,13721.041096894474,16.679684435708182,34.6079362889526,True
GENERATED,3,syn_n40_L3_3,abl_no_dro,1366494,OK,40,3,hybrid,37.96619529998861,12693.98189400672,12610.895517399244,15.22922164547897,33.97083666542896,True
GENERATED,3,syn_n40_L3_3,abl_no_dro,1374413,OK,40,3,hybrid,38.93922910001129,12691.93950213882,12591.18483023204,15.233762694292528,33.31036598607551,True
GENERATED,3,syn_n40_L3_3,abl_no_dro,1382332,OK,40,3,hybrid,41.59465879999334,12697.611317971201,12637.755597695133,15.373588804109849,31.644685560364117,True
GENERATED,3,syn_n40_L3_3,abl_no_dro,1390251,OK,40,3,hybrid,39.493235200003255,12508.309933329516,12483.266511934022,14.840589324140229,38.6521291093956,True
GENERATED,3,syn_n40_L3_3,abl_no_dro,1398170,OK,40,3,hybrid,38.57212859997526,12356.011480753361,12334.092242942485,14.592725380312372,39.70137736309159,True
GENERATED,3,syn_n40_L3_3,abl_no_dro,1406089,OK,40,3,hybrid,41.34743989998242,12681.59520598968,12595.055944376983,15.27862157176905,32.4597075871484,True
GENERATED,3,syn_n40_L3_3,abl_no_dro,1414008,OK,40,3,hybrid,41.85500929999398,12717.37020499014,12626.057474671694,15.378944054268537,31.19569811343695,True
GENERATED,3,syn_n40_L3_3,abl_no_dro,1421927,OK,40,3,hybrid,39.042860199988354,12729.005048716752,12671.92841041756,15.357247308049413,32.97122655372858,True
GENERATED,3,syn_n40_L3_3,abl_no_dro,1429846,OK,40,3,hybrid,38.53807680000318,12694.232964803163,12612.386329422528,15.229681544778934,34.00357630966654,True
GENERATED,3,syn_n40_L3_3,abl_no_dro,1437765,OK,40,3,hybrid,38.83934359997511,12324.707694596947,12300.41256145246,14.733522305084861,35.722023789680506,True
GENERATED,3,syn_n40_L3_3,abl_adjacent,1445684,OK,40,3,hybrid,45.862220000009984,16087.944848248539,14067.046508563926,17.179185960128496,33.79020109907294,True
GENERATED,3,syn_n40_L3_3,abl_adjacent,1453603,OK,40,3,hybrid,46.680134600028396,15891.120825268194,14550.213639288359,18.0838408446608,28.209514451221718,True
GENERATED,3,syn_n40_L3_3,abl_adjacent,1461522,OK,40,3,hybrid,46.710510600009,15671.646151554647,13830.388086497072,16.8843139800382,33.34721718481205,True
GENERATED,3,syn_n40_L3_3,abl_adjacent,1469441,OK,40,3,hybrid,45.710448700003326,16063.506937832255,14133.686132605182,17.32191934806079,32.635617758845356,True
GENERATED,3,syn_n40_L3_3,abl_adjacent,1477360,OK,40,3,hybrid,47.13435440004105,15902.184820012115,14340.251661371462,17.435449102811994,36.104709550356205,True
GENERATED,3,syn_n40_L3_3,abl_adjacent,1485279,OK,40,3,hybrid,47.46057919994928,16001.579482232035,13997.515263227806,17.149889138370863,32.43138312713308,True
GENERATED,3,syn_n40_L3_3,abl_adjacent,1493198,OK,40,3,hybrid,45.49708479997935,15954.278904526327,14233.987364707964,17.473989076398926,32.2427302116791,True
GENERATED,3,syn_n40_L3_3,abl_adjacent,1501117,OK,40,3,hybrid,43.13582530000713,16017.822950503407,13997.290177499042,17.21089870848484,31.117604175297515,True
GENERATED,3,syn_n40_L3_3,abl_adjacent,1509036,OK,40,3,hybrid,45.701883299974725,16136.41230699102,13992.78568957337,17.10219673419985,33.318232540670834,True
GENERATED,3,syn_n40_L3_3,abl_adjacent,1516955,OK,40,3,hybrid,45.65076310001314,16151.891617586518,14409.046699174773,17.73069288829274,31.74362951300618,True
GENERATED,3,syn_n40_L3_3,abl_no_cache,1524874,OK,40,3,hybrid,56.27647809998598,13838.373892913303,13748.652986533252,16.679303288586425,35.405014859812454,True
GENERATED,3,syn_n40_L3_3,abl_no_cache,1532793,OK,40,3,hybrid,57.583910100045614,13840.36192691983,13723.490205169326,16.67457543480994,34.78738940176766,True
GENERATED,3,syn_n40_L3_3,abl_no_cache,1540712,OK,40,3,hybrid,56.650344000023324,13825.02736296492,13723.513262690321,16.681111554963692,34.647988470501566,True
GENERATED,3,syn_n40_L3_3,abl_no_cache,1548631,OK,40,3,hybrid,54.20010040001944,13776.606737538512,13754.514760173686,16.365936714199666,42.28749212925529,True
GENERATED,3,syn_n40_L3_3,abl_no_cache,1556550,OK,40,3,hybrid,50.90832909999881,13842.301476155662,13719.785599249999,16.686697999549207,34.42177427394549,True
GENERATED,3,syn_n40_L3_3,abl_no_cache,1564469,OK,40,3,hybrid,53.36710999999195,13660.021790468609,13638.46465274435,16.41157590109472,37.99379219780882,True
GENERATED,3,syn_n40_L3_3,abl_no_cache,1572388,OK,40,3,hybrid,53.75189010001486,13827.22048739656,13772.590276684565,16.55031461088764,38.85298052910955,True
GENERATED,3,syn_n40_L3_3,abl_no_cache,1580307,OK,40,3,hybrid,54.00616200000513,13619.666419777568,13585.81698920713,16.2433519663764,40.0943718407094,True
GENERATED,3,syn_n40_L3_3,abl_no_cache,1588226,OK,40,3,hybrid,51.21706659998745,13836.95453262894,13713.334094005142,16.686465912016878,34.2424188569281,True
GENERATED,3,syn_n40_L3_3,abl_no_cache,1596145,OK,40,3,hybrid,54.16318189998856,13813.898630712603,13785.082523945212,16.316366906535848,44.223066972666416,True
GENERATED,4,syn_n40_L3_4,palns_only,1604064,OK,40,3,palns,12.860778299975209,15944.563733422388,15944.563733422388,18.92739254423645,49.9719807212872,False
GENERATED,4,syn_n40_L3_4,palns_only,1611983,OK,40,3,palns,13.443022200022824,14999.642279680982,14999.642279680982,17.854474562457845,45.96532450964568,False
GENERATED,4,syn_n40_L3_4,palns_only,1619902,OK,40,3,palns,11.728970399999525,15969.9759356063,15969.9759356063,19.07078626158926,47.62532112612448,False
GENERATED,4,syn_n40_L3_4,palns_only,1627821,OK,40,3,palns,12.709661400003824,16028.267064189491,16028.267064189491,19.002499705502206,50.75406528750965,False
GENERATED,4,syn_n40_L3_4,palns_only,1635740,OK,40,3,palns,12.31852179998532,14678.929935297077,14678.929935297077,17.46028832209716,45.24896267783445,False
GENERATED,4,syn_n40_L3_4,palns_only,1643659,OK,40,3,palns,12.569633000006434,15968.068824635457,15968.068824635457,19.040357415122124,48.22287895125331,False
GENERATED,4,syn_n40_L3_4,palns_only,1651578,OK,40,3,palns,11.698185899993405,15890.343724104841,15890.343724104841,18.845983757645175,50.1673115963132,False
GENERATED,4,syn_n40_L3_4,palns_only,1659497,OK,40,3,palns,12.655893800023478,15962.712634303003,15962.712634303003,19.033937451651205,48.207415587560035,False
GENERATED,4,syn_n40_L3_4,palns_only,1667416,OK,40,3,palns,12.423423399974126,15947.264509178405,15947.264509178405,19.033629702597523,47.772635206578954,False
GENERATED,4,syn_n40_L3_4,palns_only,1675335,OK,40,3,palns,12.651563699997496,15948.602485973075,15948.602485973075,19.033553925148208,47.81248691748337,False
GENERATED,4,syn_n40_L3_4,hybrid_main,1683254,OK,40,3,hybrid,36.27720229997067,14334.848670861316,14275.213354700012,17.035965361232673,42.80683810787174,True
GENERATED,4,syn_n40_L3_4,hybrid_main,1691173,OK,40,3,hybrid,39.59040369995637,16043.662857355941,15980.771378640793,19.284458728404914,43.35506663820303,True
GENERATED,4,syn_n40_L3_4,hybrid_main,1699092,OK,40,3,hybrid,39.73984220001148,16003.504162558498,15892.653558962482,19.12018937400651,44.357472241645624,True
GENERATED,4,syn_n40_L3_4,hybrid_main,1707011,OK,40,3,hybrid,39.11025430000154,14969.390734204782,14939.904510257466,17.738744875326717,46.738452964640814,True
GENERATED,4,syn_n40_L3_4,hybrid_main,1714930,OK,40,3,hybrid,38.100365299964324,15921.267739552917,15871.387103309904,19.040523121916202,45.4569931963643,True
GENERATED,4,syn_n40_L3_4,hybrid_main,1722849,OK,40,3,hybrid,36.7016579999472,15946.72541245303,15880.13316212979,19.116259528963894,44.08395758305333,True
GENERATED,4,syn_n40_L3_4,hybrid_main,1730768,OK,40,3,hybrid,37.76234909996856,15991.872826750023,15971.243619774523,19.07486765494347,47.5740822447691,True
GENERATED,4,syn_n40_L3_4,hybrid_main,1738687,OK,40,3,hybrid,38.784048899949994,15987.996393642736,15871.696894017394,19.17720688781976,42.536906518645,True
GENERATED,4,syn_n40_L3_4,hybrid_main,1746606,OK,40,3,hybrid,37.06320030003553,16092.799882868525,15939.35584476007,19.35247647420117,40.71424254597689,True
GENERATED,4,syn_n40_L3_4,hybrid_main,1754525,OK,40,3,hybrid,38.733012999990024,15954.439130207797,15927.2109018573,19.08345191688867,46.13205611973714,True
GENERATED,4,syn_n40_L3_4,abl_no_dro,1762444,OK,40,3,hybrid,39.29841409996152,13849.482895587531,13829.61158542064,16.401304280324254,43.67523929078425,True
GENERATED,4,syn_n40_L3_4,abl_no_dro,1770363,OK,40,3,hybrid,37.327734099992085,14900.633237375405,14865.594728583072,17.80490661259282,43.19756483252728,True
GENERATED,4,syn_n40_L3_4,abl_no_dro,1778282,OK,40,3,hybrid,37.88277399999788,14587.516907148205,14557.676048253195,17.284441676203034,45.55270831716912,True
GENERATED,4,syn_n40_L3_4,abl_no_dro,1786201,OK,40,3,hybrid,39.53652869997313,13862.021152069086,13826.198412339516,16.40826944449481,43.42846654195455,True
GENERATED,4,syn_n40_L3_4,abl_no_dro,1794120,OK,40,3,hybrid,36.33359820005717,14736.19170694742,14687.367933485257,17.4426871966674,45.867215313848746,True
GENERATED,4,syn_n40_L3_4,abl_no_dro,1802039,OK,40,3,hybrid,34.21761549997609,13745.350609475521,13732.799435765883,16.266883397676832,43.78962535737877,True
GENERATED,4,syn_n40_L3_4,abl_no_dro,1809958,OK,40,3,hybrid,39.171899000008125,14911.076549797617,14851.31093143356,17.876957621408515,41.24550615363356,True
GENERATED,4,syn_n40_L3_4,abl_no_dro,1817877,OK,40,3,hybrid,38.82403830002295,14910.88415479008,14851.715518025856,17.88046855318768,41.1818315181456,True
GENERATED,4,syn_n40_L3_4,abl_no_dro,1825796,OK,40,3,hybrid,38.55327529995702,14884.135393934,14853.031925104246,17.87334747764889,41.37203762478799,True
GENERATED,4,syn_n40_L3_4,abl_no_dro,1833715,OK,40,3,hybrid,34.44136220001383,14848.760542041866,14772.371795570114,17.689102549469453,43.01556809908639,True
GENERATED,4,syn_n40_L3_4,abl_adjacent,1841634,OK,40,3,hybrid,41.16892629995709,17962.068447885813,17204.56723276883,21.512049110841737,30.58658284678644,True
GENERATED,4,syn_n40_L3_4,abl_adjacent,1849553,OK,40,3,hybrid,39.93003489996772,17985.793383103053,16572.96650432591,20.31854160767297,38.11600853060519,True
GENERATED,4,syn_n40_L3_4,abl_adjacent,1857472,OK,40,3,hybrid,41.61135560000548,17834.978402415516,16707.071317166727,20.548423826545665,37.02152706449934,True
GENERATED,4,syn_n40_L3_4,abl_adjacent,1865391,OK,40,3,hybrid,40.23396869999124,17748.473180683523,16235.125038124299,19.931336118250158,36.76065569819088,True
GENERATED,4,syn_n40_L3_4,abl_adjacent,1873310,OK,40,3,hybrid,39.59842190000927,17698.79476869283,16249.582188988257,19.89096461738169,38.03882074148538,True
GENERATED,4,syn_n40_L3_4,abl_adjacent,1881229,OK,40,3,hybrid,43.517817500047386,18010.984069803162,16612.83674159652,20.414978038976084,37.18866321041304,True
GENERATED,4,syn_n40_L3_4,abl_adjacent,1889148,OK,40,3,hybrid,41.49524499999825,17875.34509914032,16332.481948717932,20.08204357956238,36.31283611560416,True
GENERATED,4,syn_n40_L3_4,abl_adjacent,1897067,OK,40,3,hybrid,41.330038300016895,17823.771428617572,16318.095458032416,19.977929617823435,38.132806990424044,True
GENERATED,4,syn_n40_L3_4,abl_adjacent,1904986,OK,40,3,hybrid,38.90533079998568,17897.928756985548,16804.667876355692,20.734990186449718,35.8121496148115,True
GENERATED,4,syn_n40_L3_4,abl_adjacent,1912905,OK,40,3,hybrid,44.37801099999342,17955.70491943024,16395.722489289547,19.935320430003642,41.263776193908924,True
GENERATED,4,syn_n40_L3_4,abl_no_cache,1920824,OK,40,3,hybrid,55.021532299986575,15913.343520193277,15886.978661437706,19.057632196986606,45.535843248507234,True
GENERATED,4,syn_n40_L3_4,abl_no_cache,1928743,OK,40,3,hybrid,54.879474300018046,15487.90859518112,15426.57512412612,18.41660531003243,46.11774690290849,True
GENERATED,4,syn_n40_L3_4,abl_no_cache,1936662,OK,40,3,hybrid,54.731362399994396,14057.583997755399,13982.933815051338,16.703485281314684,41.58056725900934,True
GENERATED,4,syn_n40_L3_4,abl_no_cache,1944581,OK,40,3,hybrid,53.48316329997033,16014.15937863394,15922.15210105423,19.162381365875852,44.29617361849542,True
GENERATED,4,syn_n40_L3_4,abl_no_cache,1952500,OK,40,3,hybrid,55.46396070002811,15904.998665438596,15871.386793851023,19.040525807227507,45.45692681229691,True
GENERATED,4,syn_n40_L3_4,abl_no_cache,1960419,OK,40,3,hybrid,56.71828030003235,15923.267290752432,15888.214263727676,19.051712116295995,45.69800504301941,True
GENERATED,4,syn_n40_L3_4,abl_no_cache,1968338,OK,40,3,hybrid,54.439261199964676,15921.028474020082,15875.268176747715,19.114059988156445,43.992091018010896,True
GENERATED,4,syn_n40_L3_4,abl_no_cache,1976257,OK,40,3,hybrid,54.15501350001432,16014.644802196934,15882.22759079549,19.03170379951232,45.955706890321395,True
GENERATED,4,syn_n40_L3_4,abl_no_cache,1984176,OK,40,3,hybrid,54.807130600034725,14401.049997366466,14351.40371299159,17.138865693064712,42.778698376944476,True
GENERATED,4,syn_n40_L3_4,abl_no_cache,1992095,OK,40,3,hybrid,52.02995660004672,16011.726088093292,15927.16483435097,19.0426725843592,47.00458274518766,True
GENERATED,5,syn_n40_L3_5,palns_only,2000014,OK,40,3,palns,13.030587300017942,14025.296717989282,14025.296717989282,16.634416009105628,44.27099174743033,False
GENERATED,5,syn_n40_L3_5,palns_only,2007933,OK,40,3,palns,12.536681900033727,13961.881610343053,13961.881610343053,16.54713630289329,44.329410947802366,False
GENERATED,5,syn_n40_L3_5,palns_only,2015852,OK,40,3,palns,13.446149600029457,14087.390969683369,14087.390969683369,16.69808400693303,44.68079898524569,False
GENERATED,5,syn_n40_L3_5,palns_only,2023771,OK,40,3,palns,12.932471599953715,13532.004780570278,13532.004780570278,16.04325400783697,42.844693562644274,False
GENERATED,5,syn_n40_L3_5,palns_only,2031690,OK,40,3,palns,13.414553600014187,16974.612563333867,16974.612563333867,20.490272606793678,45.91166023538884,False
GENERATED,5,syn_n40_L3_5,palns_only,2039609,OK,40,3,palns,12.662764300010167,17054.698679734956,17054.698679734956,20.554751519418495,46.81814400488812,False
GENERATED,5,syn_n40_L3_5,palns_only,2047528,OK,40,3,palns,13.031384999980219,14028.223306474832,14028.223306474832,16.62151729356327,44.63100960863951,False
GENERATED,5,syn_n40_L3_5,palns_only,2055447,OK,40,3,palns,12.184969900001306,14585.026879803569,14585.026879803569,17.333233410503823,45.288623483591486,False
GENERATED,5,syn_n40_L3_5,palns_only,2063366,OK,40,3,palns,12.188293700048234,13916.46165296307,13916.46165296307,16.61159121619812,41.650521166127994,False
GENERATED,5,syn_n40_L3_5,palns_only,2071285,OK,40,3,palns,13.658116699953098,15718.323699210934,15718.323699210934,18.79156345513702,46.41860308166203,False
GENERATED,5,syn_n40_L3_5,hybrid_main,2079204,OK,40,3,hybrid,39.95841650001239,16329.307583008489,16181.353217684522,19.62589851874212,41.76940938936946,True
GENERATED,5,syn_n40_L3_5,hybrid_main,2087123,OK,40,3,hybrid,38.69724380003754,15880.123205115775,15819.600127904416,18.846000982342627,48.145696889927024,True
GENERATED,5,syn_n40_L3_5,hybrid_main,2095042,OK,40,3,hybrid,38.16941610001959,16916.268759696453,16830.745576878617,20.484484289777846,41.92521027272086,True
GENERATED,5,syn_n40_L3_5,hybrid_main,2102961,OK,40,3,hybrid,40.26951850001933,14149.00247307355,14105.203668296821,16.890379879219587,41.069107396632276,True
GENERATED,5,syn_n40_L3_5,hybrid_main,2110880,OK,40,3,hybrid,39.30135419999715,13939.71299968983,13907.076049458992,16.641267228248115,40.746446522083104,True
GENERATED,5,syn_n40_L3_5,hybrid_main,2118799,OK,40,3,hybrid,39.34516209998401,18128.568166580986,17978.87492047904,21.868230638405628,45.07719833356627,True
GENERATED,5,syn_n40_L3_5,hybrid_main,2126718,OK,40,3,hybrid,39.492984600015916,14063.713463655999,13961.057784335795,16.651648603853896,42.06632375558203,True
GENERATED,5,syn_n40_L3_5,hybrid_main,2134637,OK,40,3,hybrid,34.90849060000619,13982.894189576935,13927.572266688614,16.69329677360898,40.217133899482164,True
GENERATED,5,syn_n40_L3_5,hybrid_main,2142556,OK,40,3,hybrid,36.73129789996892,16796.655177811797,16748.600376634568,19.900558430850204,52.09090152848333,True
GENERATED,5,syn_n40_L3_5,hybrid_main,2150475,OK,40,3,hybrid,41.4874972999678,15131.440459363872,14990.423371365707,18.074712577633782,40.98254108972487,True
GENERATED,5,syn_n40_L3_5,abl_no_dro,2158394,OK,40,3,hybrid,38.302854000008665,12273.246818867454,12246.569683824593,14.525496529623718,38.64135104590873,True
GENERATED,5,syn_n40_L3_5,abl_no_dro,2166313,OK,40,3,hybrid,40.20041789999232,15116.717094090334,15061.359980968131,17.94321741001462,45.827054955919124,True
GENERATED,5,syn_n40_L3_5,abl_no_dro,2174232,OK,40,3,hybrid,37.52495799999451,16845.378808736787,16768.631941585732,20.20099724436729,46.22525738029326,True
GENERATED,5,syn_n40_L3_5,abl_no_dro,2182151,OK,40,3,hybrid,38.89887869998347,12646.746243986234,12569.64741821458,15.017033688898973,37.339204329724325,True
GENERATED,5,syn_n40_L3_5,abl_no_dro,2190070,OK,40,3,hybrid,38.9677182000014,13056.541693738922,12993.699263884278,15.519975314215161,38.67765080636882,True
GENERATED,5,syn_n40_L3_5,abl_no_dro,2197989,OK,40,3,hybrid,39.61232509999536,16728.90645589133,16683.046416238187,19.962642107295572,48.887566736185896,True
GENERATED,5,syn_n40_L3_5,abl_no_dro,2205908,OK,40,3,hybrid,39.279459599987604,13461.422922417729,13392.55431101345,16.067041229496873,38.350668254022736,True
GENERATED,5,syn_n40_L3_5,abl_no_dro,2213827,OK,40,3,hybrid,39.521268099953886,12793.678161929653,12725.668504117886,15.304456994277482,35.63787881170785,True
GENERATED,5,syn_n40_L3_5,abl_no_dro,2221746,OK,40,3,hybrid,36.53854029998183,12126.387725827957,12097.812318975753,14.393338233995795,37.223104099397304,True
GENERATED,5,syn_n40_L3_5,abl_no_dro,2229665,OK,40,3,hybrid,36.400215800036676,16190.902149177435,16147.598910699933,19.28631539759887,48.081781785736524,True
GENERATED,5,syn_n40_L3_5,abl_adjacent,2237584,OK,40,3,hybrid,41.25578740000492,17675.777371125267,15415.708646437799,18.80912665029129,37.396104534837946,True
GENERATED,5,syn_n40_L3_5,abl_adjacent,2245503,OK,40,3,hybrid,43.22096370003419,16552.69691141,14704.7131634271,17.924724154621003,36.033429927467054,True
GENERATED,5,syn_n40_L3_5,abl_adjacent,2253422,OK,40,3,hybrid,40.62157469999511,20462.044944313497,18155.70367649226,22.08005977616257,45.59025269629527,True
GENERATED,5,syn_n40_L3_5,abl_adjacent,2261341,OK,40,3,hybrid,40.976364100002684,17530.23468103882,15753.213170337314,19.438693704901294,33.54836833318124,True
GENERATED,5,syn_n40_L3_5,abl_adjacent,2269260,OK,40,3,hybrid,44.01032529998338,17090.376778417813,14466.601143365324,17.584795675911682,36.514411040901805,True
GENERATED,5,syn_n40_L3_5,abl_adjacent,2277179,OK,40,3,hybrid,43.497397700033616,20774.74551596663,19046.641925013068,23.086511955075203,49.478798820190526,True
GENERATED,5,syn_n40_L3_5,abl_adjacent,2285098,OK,40,3,hybrid,41.645264699996915,17386.76927665245,15219.038495075029,18.66307541694234,34.90662663909358,True
GENERATED,5,syn_n40_L3_5,abl_adjacent,2293017,OK,40,3,hybrid,44.060097399982624,17947.200434678907,16259.366347837471,20.022116034535678,35.507980626734636,True
GENERATED,5,syn_n40_L3_5,abl_adjacent,2300936,OK,40,3,hybrid,41.63661139999749,17572.840291870034,15327.282721115507,18.602039562730184,39.307229973367726,True
GENERATED,5,syn_n40_L3_5,abl_adjacent,2308855,OK,40,3,hybrid,41.878404499962926,17476.945523966355,15044.294751871013,18.34672765923282,36.692828784182794,True
GENERATED,5,syn_n40_L3_5,abl_no_cache,2316774,OK,40,3,hybrid,52.97063799999887,17418.010314924275,17346.397092527834,20.82333046518809,49.397121246764826,True
GENERATED,5,syn_n40_L3_5,abl_no_cache,2324693,OK,40,3,hybrid,53.11817410000367,13683.56315350017,13621.29123075206,16.221440844885773,41.57744563107796,True
GENERATED,5,syn_n40_L3_5,abl_no_cache,2332612,OK,40,3,hybrid,54.26886359998025,16476.4766919672,16367.345432290673,19.717706605313133,45.116156523023534,True
GENERATED,5,syn_n40_L3_5,abl_no_cache,2340531,OK,40,3,hybrid,53.6599084000336,13922.576907145169,13835.5120311076,16.622188870112993,39.11058224351021,True
GENERATED,5,syn_n40_L3_5,abl_no_cache,2348450,OK,40,3,hybrid,53.04962780000642,14200.4111530667,14161.99878059565,16.822700434659165,44.14209870289364,True
GENERATED,5,syn_n40_L3_5,abl_no_cache,2356369,OK,40,3,hybrid,54.597513300017454,17995.63956334102,17908.72587002639,21.61475523942736,48.50455544159618,True
GENERATED,5,syn_n40_L3_5,abl_no_cache,2364288,OK,40,3,hybrid,55.445752900035586,13934.867633769121,13836.687166849082,16.593442568358583,39.7601497308613,True
GENERATED,5,syn_n40_L3_5,abl_no_cache,2372207,OK,40,3,hybrid,53.06955870002275,18002.188493806967,17904.239490944667,21.63738238614175,47.89150575252448,True
GENERATED,5,syn_n40_L3_5,abl_no_cache,2380126,OK,40,3,hybrid,53.469578699965496,13631.837155651867,13548.729180851768,16.22619643421961,39.40233871963029,True
GENERATED,5,syn_n40_L3_5,abl_no_cache,2388045,OK,40,3,hybrid,49.82217570004286,17578.694963955146,17406.055897131,20.891196833991152,49.647379189646685,True
GENERATED,6,syn_n40_L3_6,palns_only,2395964,OK,40,3,palns,12.865327599982265,13434.839519846808,13434.839519846808,15.98174011764242,41.38669804614265,False
GENERATED,6,syn_n40_L3_6,palns_only,2403883,OK,40,3,palns,13.789183799992315,13475.02165291366,13475.02165291366,16.014944733455696,41.823231509196766,False
GENERATED,6,syn_n40_L3_6,palns_only,2411802,OK,40,3,palns,12.065500700031407,13542.550398053378,13542.550398053378,16.247235477843624,38.774965419161674,False
GENERATED,6,syn_n40_L3_6,palns_only,2419721,OK,40,3,palns,12.420016199990641,14979.296318034656,14979.296318034656,17.919202025501423,43.996994254531,False
GENERATED,6,syn_n40_L3_6,palns_only,2427640,OK,40,3,palns,12.820188400044572,13664.117618916875,13664.117618916875,16.2394465446579,42.41522029781292,False
GENERATED,6,syn_n40_L3_6,palns_only,2435559,OK,40,3,palns,12.609171400021296,13672.450080525534,13672.450080525534,16.262038919754154,42.16916830599766,False
GENERATED,6,syn_n40_L3_6,palns_only,2443478,OK,40,3,palns,12.684760199976154,13614.840991242974,13614.840991242974,16.20840079633364,41.67258268550702,False
GENERATED,6,syn_n40_L3_6,palns_only,2451397,OK,40,3,palns,12.874957699968945,13444.338625444852,13444.338625444852,15.999916531082844,41.26860648950627,False
GENERATED,6,syn_n40_L3_6,palns_only,2459316,OK,40,3,palns,12.962453600019217,13744.910963073646,13744.910963073646,16.427100370512637,40.70244814826202,False
GENERATED,6,syn_n40_L3_6,palns_only,2467235,OK,40,3,palns,12.75979839998763,13527.219198080398,13527.219198080398,16.08354642550296,41.84455368437655,False
GENERATED,6,syn_n40_L3_6,hybrid_main,2475154,OK,40,3,hybrid,39.38832289999118,13542.793042115061,13447.729994225567,16.20959606452865,36.87236988083079,True
GENERATED,6,syn_n40_L3_6,hybrid_main,2483073,OK,40,3,hybrid,41.01869349996559,13568.317134238478,13445.388619878173,16.18059920870404,37.426834667146935,True
GENERATED,6,syn_n40_L3_6,hybrid_main,2490992,OK,40,3,hybrid,34.174457599991,13637.256914880558,13531.539957069963,16.298227970792453,37.36768511358927,True
GENERATED,6,syn_n40_L3_6,hybrid_main,2498911,OK,40,3,hybrid,40.16049780003959,14583.931930987903,14509.945451630072,17.292130694729476,44.02421230237044,True
GENERATED,6,syn_n40_L3_6,hybrid_main,2506830,OK,40,3,hybrid,37.98759279999649,15284.657684754733,15259.651683286145,18.294343642038722,43.96839862163151,True
GENERATED,6,syn_n40_L3_6,hybrid_main,2514749,OK,40,3,hybrid,37.312089500017464,13597.838030743005,13537.763351904743,16.143645123647772,40.857985976254724,True
GENERATED,6,syn_n40_L3_6,hybrid_main,2522668,OK,40,3,hybrid,37.50291159999324,13482.515417003282,13378.35256572017,16.065874644263886,37.96990235777872,True
GENERATED,6,syn_n40_L3_6,hybrid_main,2530587,OK,40,3,hybrid,39.89819760003593,13669.105613270694,13595.272322021554,16.371513029752425,37.61821570592101,True
GENERATED,6,syn_n40_L3_6,hybrid_main,2538506,OK,40,3,hybrid,38.50598970003193,13380.90806539989,13315.94982124112,15.954960471957774,38.56369906493678,True
GENERATED,6,syn_n40_L3_6,hybrid_main,2546425,OK,40,3,hybrid,40.513987399986945,15384.368939513999,15353.791373685548,18.5362330386634,41.47475984822854,True
GENERATED,6,syn_n40_L3_6,abl_no_dro,2554344,OK,40,3,hybrid,38.85862900002394,12301.577857941647,12268.553765046043,14.626372497537412,37.107839768371015,True
GENERATED,6,syn_n40_L3_6,abl_no_dro,2562263,OK,40,3,hybrid,39.06140249996679,13602.375868530544,13581.288765615955,16.301974001488524,38.70880755713029,True
GENERATED,6,syn_n40_L3_6,abl_no_dro,2570182,OK,40,3,hybrid,38.89216619997751,12293.316191040652,12227.77495988438,14.700643902976877,34.35120093290639,True
GENERATED,6,syn_n40_L3_6,abl_no_dro,2578101,OK,40,3,hybrid,38.57916910003405,12429.027784620908,12393.745021993762,14.924926473642225,34.28714762177411,True
GENERATED,6,syn_n40_L3_6,abl_no_dro,2586020,OK,40,3,hybrid,38.35779199999524,12299.875457609449,12297.502201002982,14.648877747442496,37.4526825834603,True
GENERATED,6,syn_n40_L3_6,abl_no_dro,2593939,OK,40,3,hybrid,39.85038819996407,13145.51810284132,13124.191982595332,15.701711898720584,38.5116588158541,True
GENERATED,6,syn_n40_L3_6,abl_no_dro,2601858,OK,40,3,hybrid,38.792548099998385,12257.898793237438,12239.086189372312,14.605758661944186,36.70763408326208,True
GENERATED,6,syn_n40_L3_6,abl_no_dro,2609777,OK,40,3,hybrid,36.86123559996486,12419.280469119583,12316.339779027916,14.837605255829255,33.946738204456445,True
GENERATED,6,syn_n40_L3_6,abl_no_dro,2617696,OK,40,3,hybrid,41.278883299964946,12237.056073329637,12208.652329060997,14.538215060913855,37.28545809644588,True
GENERATED,6,syn_n40_L3_6,abl_no_dro,2625615,OK,40,3,hybrid,36.457633599988185,12322.494116546504,12294.275452207108,14.657318343036758,37.179619855129744,True
GENERATED,6,syn_n40_L3_6,abl_adjacent,2633534,OK,40,3,hybrid,42.224864699994214,17964.862842882834,16276.293999434325,20.002448490430513,36.41307518889823,True
GENERATED,6,syn_n40_L3_6,abl_adjacent,2641453,OK,40,3,hybrid,41.03708049998386,18191.409526884123,16565.997181276787,20.42701555595697,35.59244326597306,True
GENERATED,6,syn_n40_L3_6,abl_adjacent,2649372,OK,40,3,hybrid,41.847330900025554,16988.224770245928,14259.474196917297,17.441709456890113,33.66263154999177,True
GENERATED,6,syn_n40_L3_6,abl_adjacent,2657291,OK,40,3,hybrid,41.509946700010914,17987.082561982468,16237.888270076912,19.822490745428958,39.17200602871984,True
GENERATED,6,syn_n40_L3_6,abl_adjacent,2665210,OK,40,3,hybrid,42.89118520001648,17729.036095231524,15014.31996021348,18.076729852763677,41.62207344687779,True
GENERATED,6,syn_n40_L3_6,abl_adjacent,2673129,OK,40,3,hybrid,41.07659740000963,18517.989304406354,16492.740117348305,20.117622648704316,40.129232309144825,True
GENERATED,6,syn_n40_L3_6,abl_adjacent,2681048,OK,40,3,hybrid,39.73167100001592,18608.62193001203,16754.696743290624,20.60028087399852,37.27103107976379,True
GENERATED,6,syn_n40_L3_6,abl_adjacent,2688967,OK,40,3,hybrid,43.432115599978715,18536.826767214392,16706.062475788454,20.70735780407326,33.586974935243134,True
GENERATED,6,syn_n40_L3_6,abl_adjacent,2696886,OK,40,3,hybrid,45.07708790001925,17875.251879745298,14898.967381319046,18.09742839818021,37.88274521953963,True
GENERATED,6,syn_n40_L3_6,abl_adjacent,2704805,OK,40,3,hybrid,42.44011099997442,18000.2275521474,15650.939373683468,19.015726480650443,39.689843234161,True
GENERATED,6,syn_n40_L3_6,abl_no_cache,2712724,OK,40,3,hybrid,54.03314800001681,15354.534722123382,15319.756501413143,18.46514408195046,42.02566971286569,True
GENERATED,6,syn_n40_L3_6,abl_no_cache,2720643,OK,40,3,hybrid,52.611417799955234,14730.326926209907,14714.962440279938,17.513552908850034,45.13707881835457,True
GENERATED,6,syn_n40_L3_6,abl_no_cache,2728562,OK,40,3,hybrid,52.71554250002373,13521.28095812701,13433.03187109562,16.13715115519344,38.00481442001548,True
GENERATED,6,syn_n40_L3_6,abl_no_cache,2736481,OK,40,3,hybrid,53.82823109999299,13414.150051560386,13335.732313416365,16.017405493570212,37.790805521105824,True
GENERATED,6,syn_n40_L3_6,abl_no_cache,2744400,OK,40,3,hybrid,53.331309399975,13681.037598696148,13545.862484928388,16.2965370863567,37.81313343316754,True
GENERATED,6,syn_n40_L3_6,abl_no_cache,2752319,OK,40,3,hybrid,52.42160609998973,13610.96355849347,13538.137209863136,16.261699389108493,38.33893337233613,True
GENERATED,6,syn_n40_L3_6,abl_no_cache,2760238,OK,40,3,hybrid,54.04011669999454,13671.55899277598,13638.298645605326,16.42745800215257,37.64871839974,True
GENERATED,6,syn_n40_L3_6,abl_no_cache,2768157,OK,40,3,hybrid,52.320135200046934,14354.963545885621,14244.569517379981,17.2691852985381,36.93372981361149,True
GENERATED,6,syn_n40_L3_6,abl_no_cache,2776076,OK,40,3,hybrid,53.926510100020096,13679.104792081333,13593.735272759728,16.32757286634702,38.51587494284175,True
GENERATED,6,syn_n40_L3_6,abl_no_cache,2783995,OK,40,3,hybrid,53.07706199999666,13407.553238128847,13333.693414507212,16.006594978626993,37.96420515819902,True
GENERATED,7,syn_n40_L3_7,palns_only,2791914,OK,40,3,palns,13.263507800002117,15441.208533235003,15441.208533235003,18.428626523606113,46.27824687229766,False
GENERATED,7,syn_n40_L3_7,palns_only,2799833,OK,40,3,palns,13.133532700012438,15559.187850796778,15559.187850796778,18.566012277216615,46.70510408240912,False
GENERATED,7,syn_n40_L3_7,palns_only,2807752,OK,40,3,palns,13.404338199994527,14790.947744186851,14790.947744186851,17.645982866152966,44.47030270206076,False
GENERATED,7,syn_n40_L3_7,palns_only,2815671,OK,40,3,palns,13.461712400021497,15579.699217426856,15579.699217426856,18.633799979848057,45.83854950116606,False
GENERATED,7,syn_n40_L3_7,palns_only,2823590,OK,40,3,palns,12.466792399995029,15450.90861052106,15450.90861052106,18.44418618438543,46.22197063519974,False
GENERATED,7,syn_n40_L3_7,palns_only,2831509,OK,40,3,palns,13.207193800015375,15539.948171561358,15539.948171561358,18.543602543860235,46.635607533319586,False
GENERATED,7,syn_n40_L3_7,palns_only,2839428,OK,40,3,palns,13.079082400014158,15250.708099735142,15250.708099735142,18.138869029502615,47.04446650309091,False
GENERATED,7,syn_n40_L3_7,palns_only,2847347,OK,40,3,palns,12.595935099991038,15302.714143875914,15302.714143875914,18.26230196852621,45.88536192803588,False
GENERATED,7,syn_n40_L3_7,palns_only,2855266,OK,40,3,palns,12.556391499994788,15567.658002715525,15567.658002715525,18.591113757386573,46.409219562159954,False
GENERATED,7,syn_n40_L3_7,palns_only,2863185,OK,40,3,palns,13.072471099963877,15419.257801257014,15419.257801257014,18.389586151085098,46.48766251266254,False
GENERATED,7,syn_n40_L3_7,hybrid_main,2871104,OK,40,3,hybrid,41.75474039994879,15568.85054167731,15533.743027232482,18.624116951598584,44.733008958101294,True
GENERATED,7,syn_n40_L3_7,hybrid_main,2879023,OK,40,3,hybrid,38.31576510000741,13811.888026238306,13767.257523554752,16.449653787060395,40.85763380741297,True
GENERATED,7,syn_n40_L3_7,hybrid_main,2886942,OK,40,3,hybrid,38.27962280000793,15387.768087051514,15349.009268147463,18.435034522972337,43.5066678833775,True
GENERATED,7,syn_n40_L3_7,hybrid_main,2894861,OK,40,3,hybrid,39.60486269998364,15465.607755965615,15425.1341285353,18.4386821976832,45.603499436368566,True
GENERATED,7,syn_n40_L3_7,hybrid_main,2902780,OK,40,3,hybrid,40.39601549995132,15561.94656650307,15520.907846675429,18.588912440068874,45.120671903536376,True
GENERATED,7,syn_n40_L3_7,hybrid_main,2910699,OK,40,3,hybrid,39.124825300008524,15203.69372529453,15185.034131496057,18.171954726905387,44.45908818048612,True
GENERATED,7,syn_n40_L3_7,hybrid_main,2918618,OK,40,3,hybrid,40.739395699987654,13781.195851328957,13728.03032855448,16.33353076127847,42.22520735987498,True
GENERATED,7,syn_n40_L3_7,hybrid_main,2926537,OK,40,3,hybrid,38.48208089999389,15565.19585186585,15526.930386444492,18.614456853715758,44.74536417593349,True
GENERATED,7,syn_n40_L3_7,hybrid_main,2934456,OK,40,3,hybrid,38.57355530001223,13717.307136581645,13685.089860705591,16.36092337040237,40.4113523686804,True
GENERATED,7,syn_n40_L3_7,hybrid_main,2942375,OK,40,3,hybrid,38.68592580000404,15340.217980791725,15299.004091240764,18.350773365979453,43.883544764462044,True
GENERATED,7,syn_n40_L3_7,abl_no_dro,2950294,OK,40,3,hybrid,40.89983129996108,14122.364529550992,14074.045736182057,16.847482279787297,41.09811503833103,True
GENERATED,7,syn_n40_L3_7,abl_no_dro,2958213,OK,40,3,hybrid,35.65681880002376,13534.4205314149,13489.314878204095,16.234527733945527,37.52625936414144,True
GENERATED,7,syn_n40_L3_7,abl_no_dro,2966132,OK,40,3,hybrid,36.95293929998297,14118.585084605846,14079.08837078212,16.904924234817326,40.01129127626069,True
GENERATED,7,syn_n40_L3_7,abl_no_dro,2974051,OK,40,3,hybrid,38.74586989998352,13823.70752674089,13797.459927005035,16.53869467467651,39.81254059993304,True
GENERATED,7,syn_n40_L3_7,abl_no_dro,2981970,OK,40,3,hybrid,41.631470099964645,14084.40099584611,14057.057050594545,16.802786333247766,41.57049430453489,True
GENERATED,7,syn_n40_L3_7,abl_no_dro,2989889,OK,40,3,hybrid,38.376907300029416,14176.822357412993,14144.582817872195,16.924285428559497,41.46767847007346,True
GENERATED,7,syn_n40_L3_7,abl_no_dro,2997808,OK,40,3,hybrid,38.48572170000989,13896.641818759865,13859.793345911618,16.637696591678285,39.472025775797306,True
GENERATED,7,syn_n40_L3_7,abl_no_dro,3005727,OK,40,3,hybrid,40.09321620000992,14196.793595022384,14150.675496980946,17.02321895621832,39.521750851920245,True
GENERATED,7,syn_n40_L3_7,abl_no_dro,3013646,OK,40,3,hybrid,39.41964870004449,14257.117629906406,14187.906735796552,17.03806901397331,40.26728500904494,True
GENERATED,7,syn_n40_L3_7,abl_no_dro,3021565,OK,40,3,hybrid,39.54756879998604,14195.126042189693,14137.943362596865,16.976797368572726,40.15272389049484,True
GENERATED,7,syn_n40_L3_7,abl_adjacent,3029484,OK,40,3,hybrid,43.26181150000775,17740.266783021056,16017.184117137782,19.472516790795737,40.36561497259939,True
GENERATED,7,syn_n40_L3_7,abl_adjacent,3037403,OK,40,3,hybrid,45.883854200015776,17662.085618944326,15996.322064543112,19.438717174100432,40.49383382765109,True
GENERATED,7,syn_n40_L3_7,abl_adjacent,3045322,OK,40,3,hybrid,41.34446089999983,17682.508639390686,14852.630636215514,18.064532283845878,37.2637549523173,True
GENERATED,7,syn_n40_L3_7,abl_adjacent,3053241,OK,40,3,hybrid,45.1332376000355,17936.888469978596,16456.096739139753,20.056199587504622,40.39848710032257,True
GENERATED,7,syn_n40_L3_7,abl_adjacent,3061160,OK,40,3,hybrid,45.661947699962184,17793.951280717414,16258.434951307008,19.87663507110699,38.59881851362194,True
GENERATED,7,syn_n40_L3_7,abl_adjacent,3069079,OK,40,3,hybrid,45.25974330003373,17552.99143673636,16201.460904347618,19.834322083784116,37.877695471700804,True
GENERATED,7,syn_n40_L3_7,abl_adjacent,3076998,OK,40,3,hybrid,44.33289939997485,17290.798774742227,16273.20481504664,19.906115044261067,38.3891009100241,True
GENERATED,7,syn_n40_L3_7,abl_adjacent,3084917,OK,40,3,hybrid,43.05067210004199,17592.524983021256,16008.064559197337,19.431232065713726,40.989728854629774,True
GENERATED,7,syn_n40_L3_7,abl_adjacent,3092836,OK,40,3,hybrid,43.55781080003362,17619.048649854914,16350.166990795058,19.996210157793737,38.65741064142156,True
GENERATED,7,syn_n40_L3_7,abl_adjacent,3100755,OK,40,3,hybrid,45.52692289999686,17964.133947451402,16440.828480778884,20.196009986805336,36.96631401928231,True
GENERATED,7,syn_n40_L3_7,abl_no_cache,3108674,OK,40,3,hybrid,52.68076050002128,15244.618045527113,15210.949839513043,18.201965083568492,44.556457909619226,True
GENERATED,7,syn_n40_L3_7,abl_no_cache,3116593,OK,40,3,hybrid,55.04797449999023,14972.43797835057,14939.886003675803,17.916071901612668,42.93805935618008,True
GENERATED,7,syn_n40_L3_7,abl_no_cache,3124512,OK,40,3,hybrid,53.09217910002917,15401.444999223626,15333.826869894152,18.376344461708666,44.33052924607578,True
GENERATED,7,syn_n40_L3_7,abl_no_cache,3132431,OK,40,3,hybrid,56.4858980999561,15203.519473177927,15192.713837099393,18.089431216816596,46.44686927105554,True
GENERATED,7,syn_n40_L3_7,abl_no_cache,3140350,OK,40,3,hybrid,52.43446260003839,15583.774877744703,15543.110917071099,18.690627797257967,43.575430546503426,True
GENERATED,7,syn_n40_L3_7,abl_no_cache,3148269,OK,40,3,hybrid,55.4609819999896,14842.368541877302,14789.510928606494,17.731136465577386,42.60453084067008,True
GENERATED,7,syn_n40_L3_7,abl_no_cache,3156188,OK,40,3,hybrid,53.46378920000279,15471.618598574358,15425.31191919238,18.507890814143273,44.125537388140714,True
GENERATED,7,syn_n40_L3_7,abl_no_cache,3164107,OK,40,3,hybrid,54.543609100044705,14952.577197747909,14885.797999529304,17.875261606520134,42.2671941325487,True
GENERATED,7,syn_n40_L3_7,abl_no_cache,3172026,OK,40,3,hybrid,52.8335130000487,14843.097992490553,14789.523255046772,17.731367055882327,42.59994180385793,True
GENERATED,7,syn_n40_L3_7,abl_no_cache,3179945,OK,40,3,hybrid,53.883695999975316,15580.22429906104,15541.817266212145,18.65336901775772,44.336871511252994,True
GENERATED,8,syn_n40_L3_8,palns_only,3187864,OK,40,3,palns,13.829568200046197,12683.825875453478,12683.825875453478,15.124533546763907,38.29787758230134,False
GENERATED,8,syn_n40_L3_8,palns_only,3195783,OK,40,3,palns,14.378485199995339,13378.543942230193,13378.543942230193,15.93027929856982,40.88098480865231,False
GENERATED,8,syn_n40_L3_8,palns_only,3203702,OK,40,3,palns,14.412663399998564,12798.048948109452,12798.048948109452,15.268693983715286,38.47224172351397,False
GENERATED,8,syn_n40_L3_8,palns_only,3211621,OK,40,3,palns,13.577307800005656,12917.988048664462,12917.988048664462,15.346838184663287,40.22455457619991,False
GENERATED,8,syn_n40_L3_8,palns_only,3219540,OK,40,3,palns,14.48364859999856,14400.805765010544,14400.805765010544,17.273920510386606,41.29615377773111,False
GENERATED,8,syn_n40_L3_8,palns_only,3227459,OK,40,3,palns,13.031738299992867,14266.570026205534,14266.570026205534,17.121881674443717,40.71882201064987,False
GENERATED,8,syn_n40_L3_8,palns_only,3235378,OK,40,3,palns,13.344976100022905,14094.472020272598,14094.472020272598,16.840941747675156,41.82187741474945,False
GENERATED,8,syn_n40_L3_8,palns_only,3243297,OK,40,3,palns,14.114483900018968,13975.353611951405,13975.353611951405,16.817539279612646,38.91997577834059,False
GENERATED,8,syn_n40_L3_8,palns_only,3251216,OK,40,3,palns,13.51221469999291,14012.52910840817,14012.52910840817,16.735404167110627,41.742170945005746,False
GENERATED,8,syn_n40_L3_8,palns_only,3259135,OK,40,3,palns,14.100950799998827,12571.424487090226,12571.424487090226,14.993029907548772,37.90434446938995,False
GENERATED,8,syn_n40_L3_8,hybrid_main,3267054,OK,40,3,hybrid,36.42716040002415,13465.806518270641,13428.881588735536,16.09283399344982,38.83588838994785,True
GENERATED,8,syn_n40_L3_8,hybrid_main,3274973,OK,40,3,hybrid,38.39696290000575,12544.875014380666,12528.027221118453,15.07621943607655,34.88178983031544,True
GENERATED,8,syn_n40_L3_8,hybrid_main,3282892,OK,40,3,hybrid,38.44569079997018,12824.579572923829,12793.674533140054,15.312694573965706,37.40438864759358,True
GENERATED,8,syn_n40_L3_8,hybrid_main,3290811,OK,40,3,hybrid,40.999563899997156,14312.593222714704,14219.659016990434,17.18700380719423,37.98303318842173,True
GENERATED,8,syn_n40_L3_8,hybrid_main,3298730,OK,40,3,hybrid,38.36871220002649,12614.676017213205,12586.261610622663,15.153348728381843,34.892858981036525,True
GENERATED,8,syn_n40_L3_8,hybrid_main,3306649,OK,40,3,hybrid,40.550061199988704,14252.393701442175,14130.790820266722,17.090138886172657,37.519618732492255,True
GENERATED,8,syn_n40_L3_8,hybrid_main,3314568,OK,40,3,hybrid,42.28231549996417,13982.994102800503,13897.09061683949,16.845120748601644,36.092858725378726,True
GENERATED,8,syn_n40_L3_8,hybrid_main,3322487,OK,40,3,hybrid,39.53383600001689,14358.437119482642,14275.090370916838,17.283352967276713,37.502161298837194,True
GENERATED,8,syn_n40_L3_8,hybrid_main,3330406,OK,40,3,hybrid,40.08813760004705,14320.48438883357,14203.817549257883,17.199781501624805,37.25661208683653,True
GENERATED,8,syn_n40_L3_8,hybrid_main,3338325,OK,40,3,hybrid,39.081169500015676,12767.502050025812,12747.875383997814,15.267016682525473,37.07465348867741,True
GENERATED,8,syn_n40_L3_8,abl_no_dro,3346244,OK,40,3,hybrid,38.68204370001331,12742.333185043652,12698.075438130843,15.27985067113897,35.37678385076043,True
GENERATED,8,syn_n40_L3_8,abl_no_dro,3354163,OK,40,3,hybrid,39.63454379996983,12713.058833517021,12699.771570801962,15.214885833910628,36.81734843911411,True
GENERATED,8,syn_n40_L3_8,abl_no_dro,3362082,OK,40,3,hybrid,38.55193970003165,12858.459606134278,12820.196303049086,15.478294465684296,34.61358439388184,True
GENERATED,8,syn_n40_L3_8,abl_no_dro,3370001,OK,40,3,hybrid,38.67662919999566,12144.460595708722,12095.118058931894,14.65545030943379,31.52943791018723,True
GENERATED,8,syn_n40_L3_8,abl_no_dro,3377920,OK,40,3,hybrid,39.46275700000115,12138.724164053754,12120.252796087178,14.488434634970421,35.82648056741033,True
GENERATED,8,syn_n40_L3_8,abl_no_dro,3385839,OK,40,3,hybrid,41.02530649997061,11889.8569955231,11866.92859130899,14.38091546209651,30.892628421045963,True
GENERATED,8,syn_n40_L3_8,abl_no_dro,3393758,OK,40,3,hybrid,39.720768600003794,11506.346943130047,11501.0100888505,13.75535671066039,33.8426444530059,True
GENERATED,8,syn_n40_L3_8,abl_no_dro,3401677,OK,40,3,hybrid,40.40110340004321,12665.41835228388,12640.775049092721,15.191524935022603,35.63232422359344,True
GENERATED,8,syn_n40_L3_8,abl_no_dro,3409596,OK,40,3,hybrid,37.44885639997665,12322.357894671793,12275.242783894591,14.755164941114765,34.53911651595764,True
GENERATED,8,syn_n40_L3_8,abl_no_dro,3417515,OK,40,3,hybrid,36.048322700022254,11545.190487742177,11516.328965692974,13.812668295748752,33.05222125375457,True
GENERATED,8,syn_n40_L3_8,abl_adjacent,3425434,OK,40,3,hybrid,45.2581640999997,15875.048492275368,13928.095167768714,16.92175217567216,35.336601028988355,True
GENERATED,8,syn_n40_L3_8,abl_adjacent,3433353,OK,40,3,hybrid,42.023606800008565,16267.003308727926,14533.46918031042,17.810220029310607,33.5944045236419,True
GENERATED,8,syn_n40_L3_8,abl_adjacent,3441272,OK,40,3,hybrid,42.664685200026724,15456.819892480364,13368.610982375292,16.343185418254084,31.749197676706473,True
GENERATED,8,syn_n40_L3_8,abl_adjacent,3449191,OK,40,3,hybrid,43.96930880000582,15261.25279200125,13299.178708858117,16.08256052525157,35.35023756912695,True
GENERATED,8,syn_n40_L3_8,abl_adjacent,3457110,OK,40,3,hybrid,47.2733295999933,15968.69533376831,14439.482889681703,17.499414507369195,37.56920026156585,True
GENERATED,8,syn_n40_L3_8,abl_adjacent,3465029,OK,40,3,hybrid,41.7370298000169,15922.690216974237,14575.906467238383,17.97472916809409,31.28170260479469,True
GENERATED,8,syn_n40_L3_8,abl_adjacent,3472948,OK,40,3,hybrid,42.53113309998298,15681.761664902926,13610.632668033872,16.55027122738803,34.226549928367085,True
GENERATED,8,syn_n40_L3_8,abl_adjacent,3480867,OK,40,3,hybrid,42.487114599964116,16374.721428024308,14858.033210402144,18.35236823908027,31.250200888341052,True
GENERATED,8,syn_n40_L3_8,abl_adjacent,3488786,OK,40,3,hybrid,42.1863672999898,16399.433756301703,14723.293861779755,18.169091945874168,31.327854353546577,True
GENERATED,8,syn_n40_L3_8,abl_adjacent,3496705,OK,40,3,hybrid,43.17622540000593,16094.537439891858,14692.111365123881,18.103280302031727,31.847175388573902,True
GENERATED,8,syn_n40_L3_8,abl_no_cache,3504624,OK,40,3,hybrid,54.549072100024205,14023.041822692401,13937.112627708457,16.774496129496637,38.74972944531373,True
GENERATED,8,syn_n40_L3_8,abl_no_cache,3512543,OK,40,3,hybrid,53.016342199989595,13610.865725043688,13538.578444362378,16.282102231829267,37.914336299726514,True
GENERATED,8,syn_n40_L3_8,abl_no_cache,3520462,OK,40,3,hybrid,54.80545089999214,13825.400047396628,13783.505249904185,16.509858869858185,40.031745643158445,True
GENERATED,8,syn_n40_L3_8,abl_no_cache,3528381,OK,40,3,hybrid,53.720902999979444,14061.532865862016,13929.474753601084,16.965581611562335,34.43681556940949,True
GENERATED,8,syn_n40_L3_8,abl_no_cache,3536300,OK,40,3,hybrid,53.159080300014466,13944.953387259213,13864.141471484782,16.800356414962224,36.11069029323185,True
GENERATED,8,syn_n40_L3_8,abl_no_cache,3544219,OK,40,3,hybrid,53.79083580005681,13952.764387544323,13862.685852101313,16.802589075231428,36.02125844793551,True
GENERATED,8,syn_n40_L3_8,abl_no_cache,3552138,OK,40,3,hybrid,55.17577130004065,13572.050797628377,13509.465231826141,16.208705748694047,38.655312008731634,True
GENERATED,8,syn_n40_L3_8,abl_no_cache,3560057,OK,40,3,hybrid,52.89082900003996,13450.995147739044,13397.70694052372,16.030588837060936,39.279008935086274,True
GENERATED,8,syn_n40_L3_8,abl_no_cache,3567976,OK,40,3,hybrid,53.25307249999605,12949.932573870916,12886.857755627821,15.577019862977423,34.40265309699297,True
GENERATED,8,syn_n40_L3_8,abl_no_cache,3575895,OK,40,3,hybrid,55.74843770003645,13405.28156436691,13357.299993033042,16.0385444759645,37.95404674456194,True
GENERATED,9,syn_n40_L3_9,palns_only,3583814,OK,40,3,palns,13.07178290002048,13381.575006604837,13381.575006604837,15.985820037201183,39.77742796296996,False
GENERATED,9,syn_n40_L3_9,palns_only,3591733,OK,40,3,palns,13.533619099995121,13096.036576913037,13096.036576913037,15.614629855638833,39.573262433826024,False
GENERATED,9,syn_n40_L3_9,palns_only,3599652,OK,40,3,palns,13.91552540002158,13124.719059424875,13124.719059424875,15.669949363036721,39.20734391849532,False
GENERATED,9,syn_n40_L3_9,palns_only,3607571,OK,40,3,palns,13.36201699997764,13133.912492774329,13133.912492774329,15.658612378953032,39.71294881598724,False
GENERATED,9,syn_n40_L3_9,palns_only,3615490,OK,40,3,palns,13.540875900012907,12747.881115517739,12747.881115517739,15.181046519447865,38.917035026624,False
GENERATED,9,syn_n40_L3_9,palns_only,3623409,OK,40,3,palns,13.213512999995146,13652.570922739713,13652.570922739713,16.413165899390236,38.362757091343916,False
GENERATED,9,syn_n40_L3_9,palns_only,3631328,OK,40,3,palns,12.296869799960405,13186.858572219633,13186.858572219633,15.710745790735658,40.10854940479685,False
GENERATED,9,syn_n40_L3_9,palns_only,3639247,OK,40,3,palns,13.148447200015653,13100.989534589171,13100.989534589171,15.598114744174302,40.0686707559556,False
GENERATED,9,syn_n40_L3_9,palns_only,3647166,OK,40,3,palns,13.443825700029265,13629.68592156396,13629.68592156396,16.351245028024426,39.03577572987544,False
GENERATED,9,syn_n40_L3_9,palns_only,3655085,OK,40,3,palns,13.249083600006998,12706.147075942605,12706.147075942605,15.093296385157501,39.60499391641372,False
GENERATED,9,syn_n40_L3_9,hybrid_main,3663004,OK,40,3,hybrid,40.860155800008215,13182.698105204625,13095.285875311445,15.794353906815164,35.70058414857344,True
GENERATED,9,syn_n40_L3_9,hybrid_main,3670923,OK,40,3,hybrid,42.20384670002386,13409.00194533035,13375.452132641958,16.05598791556032,38.09889131347771,True
GENERATED,9,syn_n40_L3_9,hybrid_main,3678842,OK,40,3,hybrid,38.791733799967915,13109.513418306433,13010.410624926753,15.626570015857578,36.87094608667347,True
GENERATED,9,syn_n40_L3_9,hybrid_main,3686761,OK,40,3,hybrid,37.148341900028754,13151.665637312479,13054.11571771028,15.641659046665902,37.796326648881475,True
GENERATED,9,syn_n40_L3_9,hybrid_main,3694680,OK,40,3,hybrid,39.93962200003443,13168.71667367718,13059.794778747086,15.772032707962074,35.164864222158045,True
GENERATED,9,syn_n40_L3_9,hybrid_main,3702599,OK,40,3,hybrid,39.17093630001182,13232.313127686508,13158.027018606866,15.777237926707421,37.85995924503712,True
GENERATED,9,syn_n40_L3_9,hybrid_main,3710518,OK,40,3,hybrid,36.930217000015546,13127.32150387071,13045.450265497559,15.700106964335676,36.29628692130865,True
GENERATED,9,syn_n40_L3_9,hybrid_main,3718437,OK,40,3,hybrid,33.735521299997345,14088.452984294661,14000.130473531597,16.890961491177833,38.05455300423489,True
GENERATED,9,syn_n40_L3_9,hybrid_main,3726356,OK,40,3,hybrid,38.70128969999496,13330.26084912281,13257.126338245358,15.989536963940472,36.14210329400011,True
GENERATED,9,syn_n40_L3_9,hybrid_main,3734275,OK,40,3,hybrid,35.59640890004812,13187.806166382983,13022.454415265616,15.528933486214065,39.30726573157338,True
GENERATED,9,syn_n40_L3_9,abl_no_dro,3742194,OK,40,3,hybrid,37.8480340000242,11675.009367810897,11561.05178027645,13.913325323810447,32.17307964053191,True
GENERATED,9,syn_n40_L3_9,abl_no_dro,3750113,OK,40,3,hybrid,41.65154120000079,11400.140577275903,11363.191651103734,13.566039168013239,33.96177928839443,True
GENERATED,9,syn_n40_L3_9,abl_no_dro,3758032,OK,40,3,hybrid,37.3082551000407,11539.247802497834,11506.975297112313,13.81727087454835,32.68634689145855,True
GENERATED,9,syn_n40_L3_9,abl_no_dro,3765951,OK,40,3,hybrid,37.712330500013195,11736.185514704332,11669.638168795871,14.002223319556675,33.37059083223896,True
GENERATED,9,syn_n40_L3_9,abl_no_dro,3773870,OK,40,3,hybrid,39.59793649998028,11542.326657403954,11500.489681225117,13.819160952368065,32.4605419128306,True
GENERATED,9,syn_n40_L3_9,abl_no_dro,3781789,OK,40,3,hybrid,39.61830600001849,11287.092135766621,11243.858633040309,13.441913443485573,33.21210144074654,True
GENERATED,9,syn_n40_L3_9,abl_no_dro,3789708,OK,40,3,hybrid,40.612537800043356,11869.627459772557,11812.043056068362,14.205272595171671,33.088245991131664,True
GENERATED,9,syn_n40_L3_9,abl_no_dro,3797627,OK,40,3,hybrid,38.731098900025245,11583.289565581255,11542.037898894476,13.842654475661027,33.14420120424881,True
GENERATED,9,syn_n40_L3_9,abl_no_dro,3805546,OK,40,3,hybrid,36.748591999989,11717.168165114042,11658.50926520944,14.051351214644072,31.999881549325313,True
GENERATED,9,syn_n40_L3_9,abl_no_dro,3813465,OK,40,3,hybrid,39.16627009998774,11802.046514361531,11749.754821204153,14.161009476744692,32.257077532732424,True
GENERATED,9,syn_n40_L3_9,abl_adjacent,3821384,OK,40,3,hybrid,42.690964000008535,16996.329335074908,14091.402443722374,17.269631862804392,32.54795847483079,True
GENERATED,9,syn_n40_L3_9,abl_adjacent,3829303,OK,40,3,hybrid,42.747178499994334,16143.57647002745,13661.677880377445,16.575832439155835,35.13724431458767,True
GENERATED,9,syn_n40_L3_9,abl_adjacent,3837222,OK,40,3,hybrid,45.42709759995341,16431.821136352046,14037.470356603166,17.118334898822475,34.24911949960884,True
GENERATED,9,syn_n40_L3_9,abl_adjacent,3845141,OK,40,3,hybrid,47.358800099988,16014.516277750688,13924.472304060255,16.930868903711453,35.03773217933326,True
GENERATED,9,syn_n40_L3_9,abl_adjacent,3853060,OK,40,3,hybrid,43.79529330000514,16834.959230815308,14687.098225379992,17.967214270892274,34.619643491736696,True
GENERATED,9,syn_n40_L3_9,abl_adjacent,3860979,OK,40,3,hybrid,43.258858099987265,16252.106123268732,14008.614934458332,17.115049241780184,33.49508580351984,True
GENERATED,9,syn_n40_L3_9,abl_adjacent,3868898,OK,40,3,hybrid,46.10382940003183,16361.794633290901,13655.277536780408,16.588772338139805,34.67709380501591,True
GENERATED,9,syn_n40_L3_9,abl_adjacent,3876817,OK,40,3,hybrid,44.602046000014525,16869.133334882918,14602.716592481354,17.833507027443837,35.07389491138508,True
GENERATED,9,syn_n40_L3_9,abl_adjacent,3884736,OK,40,3,hybrid,44.17964080005186,16830.741246226877,14543.27172769831,17.757481680602023,35.00458477847977,True
GENERATED,9,syn_n40_L3_9,abl_adjacent,3892655,OK,40,3,hybrid,44.72193599998718,16955.672548179446,14793.806180738768,18.0793655460128,35.265200606547594,True
GENERATED,9,syn_n40_L3_9,abl_no_cache,3900574,OK,40,3,hybrid,52.44116359995678,12672.76223920551,12612.222066076074,15.052473484364489,37.79619865150588,True
GENERATED,9,syn_n40_L3_9,abl_no_cache,3908493,OK,40,3,hybrid,52.155225900001824,13246.143711614388,13144.431168080018,15.827036152286144,36.404401539011765,True
GENERATED,9,syn_n40_L3_9,abl_no_cache,3916412,OK,40,3,hybrid,52.78998090000823,13284.014296506659,13217.183348802022,15.862610446273127,37.72072897420509,True
GENERATED,9,syn_n40_L3_9,abl_no_cache,3924331,OK,40,3,hybrid,46.173208399966825,13238.220259435288,12809.889077756856,15.45525657234502,34.81276138565974,True
GENERATED,9,syn_n40_L3_9,abl_no_cache,3932250,OK,40,3,hybrid,53.494891899987124,13115.126352212397,13014.462713845718,15.620558589880217,37.11553632673014,True
GENERATED,9,syn_n40_L3_9,abl_no_cache,3940169,OK,40,3,hybrid,54.21666460001143,13101.47708273137,13013.081649245954,15.666056161519409,36.10112937446844,True
GENERATED,9,syn_n40_L3_9,abl_no_cache,3948088,OK,40,3,hybrid,54.62491090002004,13625.061506495695,13517.891750902672,16.25287576892137,37.949569263189815,True
GENERATED,9,syn_n40_L3_9,abl_no_cache,3956007,OK,40,3,hybrid,52.769791099999566,13170.460360152363,13045.694093271033,15.639684119735529,37.598028670553845,True
GENERATED,9,syn_n40_L3_9,abl_no_cache,3963926,OK,40,3,hybrid,51.940012599981856,13395.205170682348,13293.3784232641,16.002209949001205,36.90631318609137,True
GENERATED,9,syn_n40_L3_9,abl_no_cache,3971845,OK,40,3,hybrid,52.09376229997724,13511.52892081569,13425.838053530366,16.15859036968355,37.33986503622008,True
